Model,Seed,DistributionalMMD2,Diversity,StabilityError,UtilityAccuracy,MacroF1,ClassRecallBalance,PhysiologicalValidity
DDPM,19,0.097469,22.123472,0.021932,0.558686,0.57083,0.939206,0.831
DDPM,88,0.068499,22.149206,0.031501,0.667191,0.613011,0.835691,0.843333
DDPM,123,0.102851,22.127304,0.015602,0.693915,0.670095,0.846111,0.867
LSTM-VAE,19,0.263643,4.685285,0.000186,0.395253,0.350195,0.844759,1.0
LSTM-VAE,88,0.306794,3.905991,2.5e-05,0.247157,0.23948,0.739815,1.0
LSTM-VAE,123,0.138182,13.287797,0.003732,0.537825,0.319443,0.595052,0.992667
TimeGAN,19,0.066607,20.751909,0.015964,0.509483,0.506604,0.798656,0.727
TimeGAN,88,0.079389,20.136332,0.013208,0.483426,0.477838,0.882078,0.795333
TimeGAN,123,0.065615,21.167927,0.013545,0.411124,0.411544,0.843616,0.745833
